"X__1	""X__2""	""X__3""	""X__4""	""X__5""	""X__6""	""X__7""	""Russian""	""Arabic""	""Guarani""	""Estonian""	""Tsaxur""	""Tuvan""	""ингерм: упрощенный""	""Basque""	""French""	""German""	""Bagwalal""	""Japanese""	""Lithuanian""	""Kalmyk""	""Khmer""	""Bashkir""	""Latvian""	""Guro""	""Looma""	""Lezgi""	""GreekModern""	""GreekAncient""	""Albanian""	""Spanish""	""Irish""	""Armenian""	""Azerbaijani""	""RomaniKalderash""	""English""	""MandarinChinese""	""Polish""	""Dutch""	""Italian""	""Komi-Zyrian""	""Ossetic""	""Serbian""	""Chukchee""",
"1	1	""[1]""	""болеть-1""	""feel_pain""	""[1] 'feel_pain'""	""[1] 'feel_pain'","	у X-а (болеть) Y""	""i""	""?""	""?""	""I""	""?""	""i""	""i""	""?""	""i""	""i""	""i""	""I""	""i""	""?""	""t""	""i""	""I""	""I""	""I""	""?""	""i""	""t""	""i""	""i""	""?""	""?""	""i""	""i""	""?""	""?""	""i""	""?""	""i""	""i""	""i""	""i""	""i"""
"2	2	""[2]""	""болеть-2""	""have#illness#""	""[2] 'have#illness#'""	""[2] 'have#illness#'","	X (болеть) Y-ом""	""i""	""I""	""?""	""?""	""?""	""?""	""i""	""t""	""t""	""i""	""i""	""I""	""i""	""I""	""?""	""i""	""I""	""I""	""I""	""i""	""?""	""t""	""?""	""?""	""i""	""i""	""i""	""i""	""?""	""t""	""i""	""?""	""?""	""i""	""i""	""?""	""?"""
"3	3	""[3]""	""бояться""	""be_afraid""	""[3] 'be_afraid'""	""[3] 'be_afraid'","	X (бояться) Y-а""	""i""	""I""	""I""	""I""	""I""	""i""	""i""	""i""	""i""	""i""	""i""	""?""	""i""	""I""	""t""	""i""	""I""	""I""	""I""	""i""	""t""	""t""	""i""	""t""	""i""	""i""	""i""	""i""	""i""	""t""	""i""	""i""	""i""	""i""	""i""	""i""	""i"""
"4	4	""[4]""	""бросить""	""throw""	""[4] 'throw'""	""[4] 'throw'","	X (бросить) Y(-а)""	""t""	""t""	""t""	""?""	""t""	""t""	""t""	""t""	""t""	""t""	""t""	""t""	""t""	""t""	""t""	""t""	""t""	""t""	""t""	""t""	""t""	""t""	""t""	""t""	""t""	""t""	""t""	""t""	""t""	""t""	""t""	""t""	""t""	""t""	""t""	""t""	""t"""
"5	5	""[5]""	""быть достаточно""	""have_enough""	""[5] 'have_enough'""	""[5] 'have_enough'","	X-у (быть достаточно) Y-а""	""i""	""I""	""I""	""I""	""I""	""i""	""i""	""?""	""?""	""i""	""?""	""I""	""i""	""I""	""?""	""i""	""I""	""I""	""?""	""i""	""i""	""i""	""i""	""i""	""?""	""i""	""i""	""i""	""?""	""?""	""i""	""?""	""i""	""i""	""i""	""?""	""i"""
"6	6	""[6]""	""быть похожим""	""resemble""	""[6] 'resemble'""	""[6] 'resemble'","	X (быть похожим) на У(-а)""	""i""	""t""	""?""	""I""	""?""	""i""	""?""	""?""	""i""	""i""	""i""	""I""	""i""	""t""	""I""	""i""	""t""	""I""	""I""	""i""	""i""	""i""	""i""	""i""	""i""	""i""	""i""	""i""	""i""	""t""	""i""	""i""	""i""	""i""	""t""	""i""	""i"""
"7	7	""[7]""	""верить""	""believe""	""[7] 'believe'""	""[7] 'believe'","	X (верить)Y-у""	""i""	""t""	""I""	""?""	""?""	""i""	""i""	""i""	""t""	""i""	""i""	""t""	""i""	""I""	""I""	""i""	""I""	""I""	""I""	""i""	""t""	""i""	""i""	""i""	""i""	""i""	""i""	""i""	""t""	""t""	""i""	""t""	""i""	""i""	""i""	""i""	""i"""
"8	8	""[8]""	""взять""	""take""	""[8] 'take'""	""[8] 'take'","	X (брать) Y(-а)""	""t""	""t""	""t""	""t""	""t""	""t""	""t""	""t""	""t""	""t""	""t""	""t""	""t""	""t""	""t""	""t""	""t""	""t""	""t""	""t""	""t""	""t""	""t""	""t""	""t""	""t""	""t""	""t""	""t""	""t""	""t""	""t""	""t""	""t""	""t""	""t""	""t"""
"9	9	""[9]""	""видеть""	""see""	""[9] 'see'""	""[9] 'see'","	X (видеть) Y(-а)""	""t""	""t""	""t""	""I""	""I""	""t""	""t""	""t""	""t""	""t""	""i""	""I""	""t""	""t""	""t""	""t""	""t""	""t""	""t""	""i""	""t""	""t""	""t""	""t""	""t""	""t""	""t""	""t""	""t""	""t""	""t""	""t""	""t""	""t""	""t""	""t""	""t"""
"10	10	""[10]""	""влиять""	""influence""	""[10] 'influence'""	""[10] 'influence'","	X (влиять) на Y(-а)""	""i""	""I""	""?""	""I""	""?""	""i""	""?""	""i""	""i""	""t""	""?""	""I""	""t""	""t""	""?""	""i""	""t""	""?""	""?""	""i""	""t""	""i""	""i""	""i""	""i""	""i""	""i""	""i""	""t""	""t""	""i""	""i""	""t""	""i""	""i""	""i""	""t"""
"11	11	""[11]""	""встречаться""	""encounter""	""[11] 'encounter'""	""[11] 'encounter'","	X (встречаться) с Y-ом""	""i""	""I""	""t""	""I""	""I""	""i""	""i""	""t""	""t""	""i""	""i""	""I""	""i""	""I""	""I""	""t""	""I""	""I""	""t""	""i""	""i""	""i""	""i""	""i""	""i""	""t""	""i""	""i""	""i""	""t""	""t""	""t""	""t""	""i""	""i""	""t""	""i"""
"12	12	""[12]""	""входить""	""enter""	""[12] 'enter'""	""[12] 'enter'","	X (входить) в Y (дом)""	""i""	""t""	""I""	""I""	""I""	""i""	""?""	""i""	""i""	""i""	""?""	""I""	""i""	""I""	""I""	""i""	""I""	""I""	""?""	""i""	""i""	""i""	""i""	""i""	""i""	""i""	""i""	""i""	""t""	""t""	""i""	""t""	""i""	""i""	""i""	""i""	""i"""
"13	13	""[13]""	""выиграть""	""win""	""[13] 'win'""	""[13] 'win'","	X (выигрывать) у Y-а""	""i""	""?""	""?""	""t""	""I""	""t""	""i""	""i""	""?""	""?""	""i""	""I""	""i""	""t""	""t""	""t""	""t""	""I""	""?""	""i""	""t""	""t""	""i""	""t""	""i""	""t""	""i""	""i""	""t""	""t""	""i""	""i""	""i""	""t""	""t""	""t""	""i"""
"14	14	""[14]""	""выходить""	""go_out""	""[14] 'go_out'""	""[14] 'go_out'","	X (выходить) из Y-а""	""i""	""I""	""I""	""I""	""I""	""i""	""?""	""i""	""i""	""i""	""?""	""I""	""i""	""I""	""I""	""i""	""I""	""I""	""?""	""i""	""i""	""i""	""i""	""i""	""i""	""i""	""i""	""i""	""?""	""t""	""i""	""t""	""i""	""i""	""i""	""i""	""i"""
"15	15	""[15]""	""гнать""	""drive""	""[15] 'drive'""	""[15] 'drive'","	X (гнать) Y-а""	""t""	""t""	""t""	""t""	""t""	""t""	""t""	""t""	""t""	""t""	""t""	""t""	""t""	""t""	""t""	""t""	""t""	""I""	""t""	""t""	""t""	""t""	""t""	""t""	""t""	""t""	""t""	""t""	""t""	""t""	""t""	""t""	""t""	""t""	""t""	""t""	""t"""
"16	16	""[16]""	""гнуть""	""bend""	""[16] 'bend'""	""[16] 'bend'","	X (гнуть) Y""	""t""	""t""	""?""	""t""	""t""	""t""	""t""	""t""	""t""	""t""	""t""	""t""	""t""	""t""	""t""	""t""	""t""	""t""	""t""	""t""	""t""	""t""	""t""	""t""	""t""	""t""	""t""	""t""	""t""	""t""	""t""	""t""	""t""	""t""	""t""	""t""	""t"""
"17	17	""[17]""	""говорить""	""tell""	""[17] 'tell'""	""[17] 'tell'","	X (говорить) Y-у""	""i""	""I""	""?""	""I""	""?""	""i""	""i""	""i""	""i""	""i""	""i""	""I""	""i""	""I""	""?""	""i""	""t""	""I""	""I""	""i""	""i""	""i""	""i""	""i""	""i""	""i""	""t""	""i""	""t""	""i""	""i""	""i""	""i""	""i""	""i""	""i""	""t"""
"18	18	""[18]""	""держать""	""hold""	""[18] 'hold'""	""[18] 'hold'","	X (держать) Y(-а)""	""t""	""t""	""t""	""I""	""t""	""t""	""t""	""t""	""t""	""t""	""t""	""t""	""t""	""t""	""t""	""t""	""t""	""?""	""t""	""t""	""t""	""t""	""t""	""t""	""i""	""t""	""t""	""t""	""t""	""t""	""t""	""t""	""t""	""t""	""i""	""t""	""t"""
"19	19	""[19]""	""догнать""	""catch_up""	""[19] 'catch_up'""	""[19] 'catch_up'","	X (догонять) Y(-а)""	""t""	""I""	""t""	""I""	""?""	""i""	""t""	""t""	""t""	""t""	""t""	""I""	""t""	""t""	""?""	""?""	""t""	""I""	""t""	""i""	""t""	""t""	""t""	""t""	""i""	""i""	""i""	""t""	""i""	""t""	""t""	""t""	""t""	""t""	""t""	""t""	""t"""
"20	20	""[20]""	""доить""	""milk""	""[20] 'milk'""	""[20] 'milk'","	X (доить) Y-а""	""t""	""t""	""t""	""I""	""t""	""t""	""t""	""t""	""t""	""t""	""t""	""?""	""t""	""t""	""t""	""t""	""t""	""?""	""t""	""t""	""t""	""t""	""t""	""t""	""t""	""t""	""t""	""t""	""t""	""i""	""t""	""t""	""t""	""t""	""t""	""t""	""t"""
"21	21	""[21]""	""достичь""	""reach""	""[21] 'reach'""	""[21] 'reach'","	X (достичь) Y-а (берега)""	""i""	""t""	""t""	""I""	""?""	""i""	""i""	""i""	""t""	""t""	""i""	""I""	""t""	""I""	""t""	""?""	""t""	""I""	""?""	""i""	""i""	""t""	""t""	""t""	""t""	""i""	""i""	""i""	""t""	""t""	""i""	""t""	""i""	""i""	""i""	""i""	""i"""
"22	22	""[22]""	""дотронуться""	""touch""	""[22] 'touch'""	""[22] 'touch'","	X (дотрагиваться) до Y-а""	""i""	""t""	""t""	""I""	""I""	""i""	""i""	""t""	""t""	""t""	""i""	""I""	""t""	""t""	""t""	""i""	""I""	""I""	""I""	""i""	""t""	""i""	""t""	""t""	""t""	""i""	""i""	""t""	""t""	""t""	""i""	""t""	""t""	""i""	""i""	""t""	""t"""
"23	23	""[23]""	""драться""	""fight""	""[23] 'fight'""	""[23] 'fight'","	X (драться) с Y-ом""	""i""	""I""	""I""	""I""	""I""	""i""	""i""	""i""	""i""	""i""	""i""	""I""	""i""	""I""	""I""	""i""	""I""	""I""	""I""	""i""	""i""	""i""	""i""	""?""	""i""	""i""	""i""	""i""	""i""	""i""	""i""	""i""	""i""	""i""	""i""	""i""	""i"""
"24	24	""[24]""	""дружить""	""be_friends""	""[24] 'be_friends'""	""[24] 'be_friends'","	X (дружить) с Y-ом""	""i""	""t""	""?""	""I""	""?""	""i""	""i""	""?""	""i""	""i""	""?""	""I""	""i""	""I""	""I""	""i""	""I""	""?""	""?""	""i""	""?""	""i""	""i""	""?""	""?""	""i""	""i""	""i""	""i""	""i""	""i""	""i""	""?""	""i""	""i""	""i""	""i"""
"25	25	""[25]""	""думать""	""think""	""[25] 'think'""	""[25] 'think'","	X (думать) об Y-е (об отце)""	""i""	""I""	""?""	""I""	""I""	""i""	""i""	""i""	""i""	""i""	""i""	""t""	""i""	""t""	""I""	""i""	""I""	""?""	""I""	""i""	""t""	""t""	""i""	""i""	""i""	""i""	""i""	""i""	""i""	""t""	""i""	""i""	""i""	""i""	""i""	""i""	""i"""
"26	26	""[26]""	""есть""	""eat""	""[26] 'eat'""	""[26] 'eat'","	X (есть) Y""	""t""	""t""	""t""	""t""	""t""	""t""	""t""	""t""	""t""	""t""	""?""	""t""	""t""	""t""	""t""	""t""	""t""	""t""	""t""	""t""	""t""	""t""	""t""	""t""	""t""	""t""	""t""	""t""	""t""	""t""	""t""	""t""	""t""	""t""	""t""	""t""	""t"""
"27	27	""[27]""	""жарить""	""fry""	""[27] 'fry'""	""[27] 'fry'","	X (жарить) Y""	""t""	""t""	""?""	""t""	""?""	""t""	""t""	""t""	""t""	""t""	""t""	""t""	""t""	""t""	""t""	""t""	""t""	""t""	""t""	""t""	""t""	""t""	""t""	""t""	""t""	""t""	""t""	""t""	""t""	""t""	""t""	""t""	""t""	""t""	""t""	""t""	""t"""
"28	28	""[28]""	""ждать""	""wait""	""[28] 'wait'""	""[28] 'wait'","	X (ждать) Y-а (сына)""	""t""	""t""	""t""	""I""	""t""	""t""	""i""	""i""	""t""	""i""	""?""	""t""	""i""	""t""	""t""	""t""	""t""	""t""	""t""	""t""	""t""	""t""	""t""	""t""	""i""	""t""	""t""	""t""	""i""	""t""	""i""	""i""	""t""	""t""	""i""	""t""	""t"""
"29	29	""[29]""	""забывать""	""forget""	""[29] 'forget'""	""[29] 'forget'","	X (забывать) об Y-е""	""i""	""t""	""I""	""t""	""I""	""i""	""t""	""i""	""t""	""t""	""i""	""t""	""i""	""I""	""t""	""t""	""I""	""?""	""I""	""?""	""t""	""i""	""i""	""i""	""i""	""i""	""t""	""i""	""i""	""t""	""i""	""t""	""i""	""i""	""t""	""i""	""t"""
"30	30	""[30]""	""зависеть""	""depend""	""[30] 'depend'""	""[30] 'depend'","	X (зависеть) от Y-а""	""i""	""I""	""I""	""I""	""?""	""i""	""i""	""i""	""i""	""i""	""?""	""I""	""i""	""?""	""I""	""i""	""I""	""I""	""?""	""i""	""i""	""i""	""i""	""i""	""i""	""i""	""i""	""i""	""i""	""t""	""i""	""i""	""i""	""?""	""i""	""i""	""?"""
"31	31	""[31]""	""звать""	""call""	""[31] 'call'""	""[31] 'call'","	X (звать) Y-а""	""t""	""t""	""t""	""t""	""t""	""t""	""t""	""i""	""t""	""t""	""t""	""t""	""t""	""t""	""?""	""t""	""t""	""t""	""t""	""i""	""t""	""t""	""t""	""t""	""i""	""t""	""t""	""t""	""t""	""t""	""t""	""t""	""t""	""t""	""i""	""t""	""t"""
"32	32	""[32]""	""знакомиться""	""get_to_know""	""[32] 'get_to_know'""	""[32] 'get_to_know'","	X (знакомиться) с Y-ом""	""i""	""I""	""?""	""I""	""I""	""i""	""i""	""t""	""?""	""t""	""?""	""I""	""i""	""I""	""?""	""i""	""I""	""t""	""t""	""i""	""i""	""?""	""i""	""t""	""i""	""i""	""i""	""i""	""t""	""i""	""i""	""i""	""?""	""i""	""i""	""t""	""t"""
"33	33	""[33]""	""знать""	""know""	""[33] 'know'""	""[33] 'know'","	X (знать) Y-а""	""t""	""t""	""t""	""I""	""t""	""t""	""t""	""t""	""t""	""t""	""i""	""t""	""t""	""t""	""t""	""t""	""t""	""t""	""t""	""i""	""t""	""t""	""t""	""t""	""i""	""t""	""t""	""t""	""t""	""t""	""t""	""t""	""t""	""t""	""t""	""t""	""t"""
"34	34	""[34]""	""играть""	""play#instrument#""	""[34] 'play#instrument#'""	""[34] 'play#instrument#'","	X (играть) на Y-е""	""i""	""I""	""?""	""I""	""t""	""i""	""i""	""t""	""i""	""i""	""?""	""t""	""i""	""t""	""t""	""i""	""t""	""t""	""t""	""t""	""t""	""?""	""i""	""t""	""t""	""i""	""?""	""i""	""t""	""t""	""i""	""t""	""t""	""i""	""i""	""t""	""?"""
"35	35	""[35]""	""избегать""	""avoid""	""[35] 'avoid'""	""[35] 'avoid'","	X (избегать) Y-а""	""i""	""t""	""?""	""I""	""?""	""i""	""i""	""i""	""t""	""t""	""?""	""t""	""i""	""t""	""?""	""i""	""I""	""I""	""t""	""i""	""t""	""t""	""i""	""t""	""t""	""i""	""i""	""i""	""t""	""t""	""i""	""t""	""t""	""i""	""i""	""t""	""t"""
"36	36	""[36]""	""изготовлять""	""make""	""[36] 'make'""	""[36] 'make'","	X (изготовлять) Y""	""t""	""t""	""t""	""t""	""t""	""t""	""t""	""t""	""t""	""t""	""t""	""t""	""t""	""t""	""t""	""t""	""t""	""t""	""t""	""t""	""t""	""t""	""t""	""t""	""t""	""t""	""t""	""t""	""t""	""t""	""t""	""t""	""t""	""t""	""t""	""t""	""t"""
"37	37	""[37]""	""издеваться""	""make_fun""	""[37] 'make_fun'""	""[37] 'make_fun'","	X (издеваться) над Y-ом""	""i""	""I""	""?""	""I""	""?""	""t""	""t""	""i""	""i""	""i""	""?""	""t""	""i""	""t""	""?""	""i""	""I""	""?""	""I""	""i""	""t""	""t""	""i""	""i""	""t""	""t""	""t""	""?""	""t""	""t""	""i""	""t""	""t""	""i""	""i""	""t""	""i"""
"38	38	""[38]""	""иметь""	""have""	""[38] 'have'""	""[38] 'have'","	X (иметь) Y""	""i""	""I""	""t""	""?""	""?""	""i""	""i""	""t""	""t""	""t""	""?""	""t""	""t""	""I""	""t""	""i""	""I""	""I""	""I""	""i""	""t""	""t""	""t""	""t""	""i""	""t""	""i""	""i""	""t""	""t""	""t""	""t""	""t""	""i""	""i""	""t""	""i"""
"39	39	""[39]""	""искать""	""look_for""	""[39] 'look_for'""	""[39] 'look_for'","	X (искать) Y(-а)""	""t""	""I""	""t""	""I""	""t""	""t""	""i""	""t""	""t""	""t""	""t""	""t""	""i""	""t""	""t""	""t""	""t""	""t""	""t""	""t""	""t""	""t""	""t""	""t""	""t""	""t""	""t""	""t""	""i""	""t""	""i""	""t""	""t""	""t""	""t""	""t""	""t"""
"40	40	""[40]""	""красить""	""paint""	""[40] 'paint'""	""[40] 'paint'","	X (красить) Y""	""t""	""t""	""?""	""t""	""t""	""t""	""t""	""t""	""t""	""t""	""?""	""t""	""t""	""t""	""t""	""t""	""t""	""I""	""t""	""i""	""t""	""t""	""t""	""t""	""t""	""t""	""t""	""t""	""t""	""t""	""t""	""t""	""t""	""t""	""t""	""t""	""t"""
"41	41	""[41]""	""кусать""	""bite""	""[41] 'bite'""	""[41] 'bite'","	X (кусать) Y-а""	""t""	""t""	""t""	""t""	""t""	""t""	""i""	""t""	""t""	""t""	""t""	""t""	""i""	""t""	""t""	""t""	""I""	""I""	""t""	""t""	""t""	""t""	""t""	""t""	""i""	""t""	""t""	""t""	""t""	""t""	""t""	""t""	""t""	""t""	""i""	""t""	""t"""
"42	42	""[42]""	""лишаться""	""forfeit""	""[42] 'forfeit'""	""[42] 'forfeit'","	X (лишаться) Y-а""	""i""	""t""	""?""	""I""	""?""	""i""	""t""	""t""	""i""	""t""	""?""	""t""	""i""	""I""	""?""	""i""	""t""	""I""	""I""	""i""	""?""	""i""	""t""	""t""	""t""	""i""	""t""	""t""	""t""	""t""	""t""	""?""	""?""	""i""	""i""	""?""	""?"""
"43	43	""[43]""	""ловить""	""try_to_catch""	""[43] 'try_to_catch'""	""[43] 'try_to_catch'","	X (ловить) Y(-а)""	""t""	""t""	""?""	""t""	""t""	""t""	""t""	""t""	""t""	""t""	""t""	""t""	""t""	""t""	""t""	""?""	""t""	""t""	""t""	""t""	""t""	""t""	""t""	""?""	""?""	""t""	""t""	""t""	""?""	""t""	""t""	""?""	""?""	""?""	""t""	""t""	""t"""
"44	44	""[44]""	""ломать""	""break""	""[44] 'break'""	""[44] 'break'","	X (ломать) Y""	""t""	""t""	""t""	""t""	""t""	""t""	""t""	""t""	""t""	""t""	""t""	""t""	""t""	""t""	""t""	""t""	""t""	""t""	""t""	""t""	""t""	""t""	""t""	""t""	""t""	""t""	""t""	""t""	""t""	""t""	""t""	""t""	""t""	""t""	""t""	""t""	""t"""
"45	45	""[45]""	""льстить""	""flatter""	""[45] 'flatter'""	""[45] 'flatter'","	X (льстить) Y-у""	""i""	""t""	""t""	""?""	""?""	""i""	""?""	""t""	""t""	""i""	""?""	""I""	""i""	""?""	""t""	""i""	""I""	""?""	""?""	""i""	""t""	""t""	""i""	""t""	""?""	""i""	""i""	""?""	""t""	""t""	""i""	""t""	""t""	""i""	""i""	""i""	""i"""
"46	46	""[46]""	""любить-1""	""love1""	""[46] 'love1'""	""[46] 'love1'","	X (любить) Y-а (сына)""	""t""	""t""	""t""	""I""	""I""	""i""	""i""	""t""	""t""	""t""	""i""	""?""	""t""	""t""	""t""	""t""	""t""	""?""	""I""	""i""	""t""	""t""	""t""	""t""	""i""	""t""	""t""	""i""	""t""	""t""	""t""	""i""	""t""	""t""	""t""	""t""	""t"""
"47	47	""[47]""	""махать""	""wave""	""[47] 'wave'""	""[47] 'wave'","	X (махать) Y-ом""	""i""	""I""	""?""	""I""	""?""	""i""	""i""	""t""	""t""	""t""	""t""	""t""	""i""	""I""	""t""	""t""	""I""	""t""	""t""	""t""	""i""	""t""	""t""	""t""	""t""	""i""	""i""	""i""	""t""	""t""	""i""	""i""	""t""	""i""	""i""	""i""	""i"""
"48	48	""[48]""	""мечтать""	""dream""	""[48] 'dream'""	""[48] 'dream'","	X (мечтать) об Y-е""	""i""	""I""	""?""	""I""	""?""	""i""	""i""	""t""	""i""	""i""	""?""	""t""	""i""	""?""	""I""	""i""	""?""	""?""	""?""	""i""	""t""	""i""	""i""	""i""	""i""	""i""	""?""	""?""	""i""	""t""	""i""	""i""	""t""	""?""	""i""	""i""	""t"""
"49	49	""[49]""	""мыть""	""wash""	""[49] 'wash'""	""[49] 'wash'","	X (мыть) Y""	""t""	""t""	""?""	""t""	""t""	""t""	""t""	""t""	""t""	""t""	""?""	""t""	""t""	""t""	""t""	""t""	""t""	""t""	""t""	""t""	""t""	""t""	""t""	""t""	""t""	""t""	""t""	""t""	""t""	""t""	""t""	""t""	""t""	""t""	""t""	""t""	""t"""
"50	50	""[50]""	""надевать""	""put_on""	""[50] 'put_on'""	""[50] 'put_on'","	X (надевать) Y""	""t""	""t""	""t""	""t""	""t""	""t""	""t""	""t""	""t""	""t""	""t""	""t""	""t""	""t""	""t""	""t""	""t""	""?""	""t""	""t""	""t""	""t""	""t""	""t""	""t""	""t""	""t""	""t""	""t""	""t""	""t""	""t""	""t""	""t""	""t""	""t""	""t"""
"51	51	""[51]""	""называться""	""be_called""	""[51] 'be_called'""	""[51] 'be_called'","	X (называться) Y""	""i""	""I""	""I""	""I""	""?""	""i""	""i""	""i""	""t""	""i""	""i""	""I""	""i""	""?""	""?""	""i""	""I""	""?""	""?""	""i""	""i""	""?""	""i""	""i""	""i""	""i""	""t""	""i""	""?""	""t""	""i""	""?""	""?""	""i""	""i""	""i""	""i"""
"52	52	""[52]""	""наказывать""	""punish""	""[52] 'punish'""	""[52] 'punish'","	X (наказывать) Y-а""	""t""	""t""	""t""	""I""	""?""	""i""	""i""	""t""	""t""	""t""	""?""	""t""	""t""	""t""	""I""	""t""	""t""	""?""	""I""	""t""	""t""	""t""	""t""	""t""	""i""	""t""	""t""	""?""	""t""	""t""	""t""	""t""	""t""	""t""	""t""	""t""	""t"""
"53	53	""[53]""	""напасть""	""attack""	""[53] 'attack'""	""[53] 'attack'","	X (нападать) на Y-а""	""i""	""t""	""t""	""I""	""?""	""i""	""i""	""i""	""i""	""t""	""?""	""t""	""t""	""I""	""?""	""i""	""I""	""I""	""t""	""i""	""i""	""i""	""t""	""t""	""t""	""i""	""i""	""i""	""t""	""t""	""i""	""t""	""t""	""i""	""i""	""t""	""t"""
"54	54	""[54]""	""наполняться""	""fill#intr#""	""[54] 'fill#intr#'""	""[54] 'fill#intr#'","	X (наполняться) Y-ом""	""i""	""I""	""?""	""I""	""?""	""i""	""i""	""i""	""i""	""i""	""i""	""I""	""i""	""I""	""t""	""i""	""I""	""I""	""I""	""i""	""t""	""i""	""i""	""i""	""i""	""i""	""i""	""i""	""i""	""?""	""i""	""i""	""i""	""i""	""i""	""i""	""i"""
"55	55	""[55]""	""находить""	""find""	""[55] 'find'""	""[55] 'find'","	X (находить) Y(-а)""	""t""	""t""	""t""	""t""	""I""	""t""	""t""	""t""	""t""	""t""	""i""	""t""	""t""	""t""	""?""	""t""	""t""	""t""	""t""	""i""	""t""	""t""	""t""	""t""	""t""	""t""	""t""	""t""	""t""	""t""	""t""	""t""	""t""	""?""	""t""	""t""	""t"""
"56	56	""[56]""	""недоставать""	""be_short""	""[56] 'be_short'""	""[56] 'be_short'","	X-у (недоставать) Y-a""	""i""	""I""	""I""	""?""	""?""	""i""	""?""	""i""	""i""	""i""	""i""	""I""	""i""	""?""	""t""	""?""	""I""	""?""	""?""	""i""	""i""	""i""	""i""	""i""	""?""	""i""	""i""	""i""	""t""	""t""	""i""	""t""	""i""	""i""	""i""	""i""	""i"""
"57	57	""[57]""	""ненавидеть""	""hate""	""[57] 'hate'""	""[57] 'hate'","	X (ненавидеть) Y-а""	""t""	""t""	""?""	""?""	""?""	""t""	""i""	""t""	""t""	""t""	""i""	""?""	""i""	""?""	""?""	""?""	""t""	""?""	""t""	""i""	""t""	""t""	""t""	""t""	""i""	""t""	""i""	""t""	""t""	""t""	""i""	""t""	""t""	""t""	""i""	""t""	""t"""
"58	58	""[58]""	""нравиться""	""like""	""[58] 'like'""	""[58] 'like'","	X-у (нравиться) Y""	""i""	""t""	""?""	""?""	""I""	""i""	""i""	""i""	""i""	""i""	""i""	""I""	""i""	""I""	""?""	""?""	""I""	""I""	""I""	""i""	""i""	""i""	""i""	""i""	""i""	""t""	""i""	""i""	""t""	""t""	""i""	""?""	""i""	""i""	""i""	""i""	""t"""
"59	59	""[59]""	""нуждаться""	""need""	""[59] 'need'""	""[59] 'need'","	X (нуждаться) в Y-е""	""i""	""I""	""I""	""I""	""?""	""i""	""i""	""t""	""i""	""t""	""?""	""I""	""i""	""I""	""t""	""i""	""I""	""?""	""I""	""i""	""t""	""i""	""i""	""t""	""i""	""i""	""i""	""i""	""t""	""t""	""i""	""?""	""i""	""i""	""?""	""i""	""t"""
"60	60	""[60]""	""окружать""	""surround""	""[60] 'surround'""	""[60] 'surround'","	X (окружать) Y (стена город)""	""t""	""t""	""?""	""I""	""?""	""t""	""i""	""t""	""t""	""t""	""?""	""t""	""t""	""t""	""?""	""t""	""t""	""I""	""?""	""t""	""t""	""t""	""t""	""t""	""?""	""t""	""t""	""t""	""t""	""t""	""t""	""t""	""t""	""t""	""?""	""i""	""t"""
"61	61	""[61]""	""оставаться""	""remain""	""[61] 'remain'""	""[61] 'remain'","	X (оставаться) у Y-а""	""i""	""I""	""I""	""?""	""I""	""i""	""i""	""i""	""i""	""?""	""?""	""I""	""i""	""I""	""t""	""i""	""I""	""?""	""I""	""i""	""i""	""i""	""i""	""i""	""i""	""?""	""i""	""i""	""?""	""t""	""i""	""t""	""i""	""i""	""i""	""i""	""i"""
"62	62	""[62]""	""отвечать""	""answer""	""[62] 'answer'""	""[62] 'answer'","	X (отвечать) Y-у""	""i""	""t""	""t""	""I""	""?""	""i""	""i""	""i""	""i""	""i""	""i""	""I""	""i""	""I""	""?""	""i""	""I""	""?""	""t""	""i""	""i""	""i""	""i""	""i""	""t""	""i""	""i""	""?""	""t""	""t""	""i""	""t""	""i""	""i""	""i""	""i""	""i"""
"63	63	""[63]""	""открывать""	""open""	""[63] 'open'""	""[63] 'open'","	X (открывать) Y""	""t""	""t""	""?""	""t""	""t""	""t""	""t""	""t""	""t""	""t""	""t""	""t""	""t""	""t""	""t""	""t""	""t""	""?""	""t""	""t""	""t""	""t""	""t""	""t""	""t""	""t""	""t""	""t""	""t""	""t""	""t""	""t""	""t""	""t""	""t""	""t""	""i"""
"64	64	""[64]""	""отличаться""	""be_different""	""[64] 'be_different'""	""[64] 'be_different'","	X (отличаться) от Y-а""	""i""	""I""	""?""	""I""	""?""	""i""	""i""	""?""	""i""	""i""	""?""	""I""	""i""	""I""	""I""	""i""	""I""	""I""	""?""	""i""	""i""	""i""	""i""	""i""	""i""	""i""	""i""	""i""	""i""	""i""	""i""	""i""	""i""	""i""	""i""	""i""	""i"""
"65	65	""[65]""	""отстать""	""fall_behind""	""[65] 'fall_behind'""	""[65] 'fall_behind'","	X (отставать) от Y-а""	""i""	""I""	""?""	""I""	""?""	""i""	""?""	""?""	""i""	""i""	""?""	""I""	""i""	""I""	""?""	""?""	""I""	""I""	""I""	""i""	""i""	""i""	""i""	""?""	""i""	""i""	""i""	""i""	""?""	""?""	""?""	""i""	""?""	""i""	""i""	""i""	""i"""
"66	66	""[66]""	""пахать""	""plough""	""[66] 'plough'""	""[66] 'plough'","	X (пахать) Y""	""t""	""t""	""?""	""t""	""t""	""t""	""t""	""t""	""t""	""t""	""t""	""t""	""t""	""t""	""t""	""t""	""?""	""t""	""t""	""t""	""t""	""t""	""t""	""t""	""t""	""t""	""t""	""t""	""t""	""t""	""t""	""t""	""t""	""t""	""t""	""t""	""t"""
"67	67	""[67]""	""пахнуть""	""smell""	""[67] 'smell'""	""[67] 'smell'","	X (пахнуть) Y-ом""	""i""	""I""	""?""	""?""	""?""	""i""	""i""	""?""	""t""	""i""	""?""	""?""	""i""	""?""	""?""	""?""	""I""	""I""	""?""	""?""	""t""	""i""	""i""	""i""	""?""	""?""	""?""	""i""	""i""	""?""	""i""	""i""	""i""	""?""	""i""	""i""	""i"""
"68	68	""[68]""	""пересечь""	""cross""	""[68] 'cross'""	""[68] 'cross'","	X (пересекать) Y (улицу)""	""t""	""t""	""?""	""t""	""I""	""t""	""t""	""t""	""t""	""t""	""?""	""t""	""t""	""t""	""t""	""i""	""?""	""t""	""t""	""i""	""t""	""t""	""t""	""t""	""t""	""t""	""t""	""t""	""t""	""t""	""t""	""t""	""t""	""t""	""i""	""t""	""t"""
"69	69	""[69]""	""петь""	""sing""	""[69] 'sing'""	""[69] 'sing'","	X (петь) Y""	""t""	""t""	""t""	""t""	""?""	""t""	""t""	""t""	""t""	""t""	""?""	""t""	""t""	""t""	""t""	""t""	""t""	""t""	""t""	""t""	""t""	""t""	""t""	""t""	""t""	""t""	""t""	""t""	""t""	""t""	""t""	""t""	""t""	""t""	""t""	""t""	""t"""
"70	70	""[70]""	""писать""	""write""	""[70] 'write'""	""[70] 'write'","	X (писать) Y""	""t""	""t""	""t""	""t""	""t""	""t""	""t""	""t""	""t""	""t""	""t""	""t""	""t""	""t""	""t""	""t""	""t""	""t""	""t""	""t""	""t""	""t""	""t""	""t""	""t""	""t""	""t""	""t""	""t""	""t""	""t""	""t""	""t""	""t""	""t""	""t""	""t"""
"71	71	""[71]""	""пить""	""drink""	""[71] 'drink'""	""[71] 'drink'","	X (пить) Y""	""t""	""t""	""t""	""t""	""t""	""t""	""t""	""t""	""t""	""t""	""t""	""t""	""t""	""t""	""t""	""t""	""?""	""t""	""t""	""t""	""t""	""t""	""t""	""t""	""t""	""t""	""t""	""t""	""t""	""t""	""t""	""t""	""t""	""t""	""t""	""t""	""t"""
"72	72	""[72]""	""плавить""	""melt""	""[72] 'melt'""	""[72] 'melt'","	X (плавить) Y""	""t""	""t""	""?""	""t""	""?""	""t""	""t""	""t""	""t""	""t""	""?""	""t""	""t""	""t""	""t""	""t""	""?""	""t""	""t""	""t""	""t""	""t""	""t""	""t""	""t""	""t""	""t""	""t""	""t""	""t""	""t""	""t""	""t""	""t""	""t""	""t""	""t"""
"73	73	""[73]""	""подходить""	""match""	""[73] 'match'""	""[73] 'match'","	X (подходить) к Y-у (пояс к платью)""	""i""	""t""	""?""	""?""	""?""	""i""	""i""	""i""	""i""	""i""	""i""	""I""	""i""	""?""	""?""	""i""	""?""	""I""	""?""	""i""	""i""	""i""	""i""	""?""	""i""	""i""	""i""	""i""	""i""	""t""	""i""	""i""	""i""	""i""	""i""	""i""	""i"""
"74	74	""[74]""	""покидать""	""leave""	""[74] 'leave'""	""[74] 'leave'","	X (покидать) Y(-а)""	""i""	""t""	""?""	""t""	""t""	""t""	""t""	""t""	""t""	""t""	""?""	""t""	""t""	""I""	""I""	""i""	""t""	""I""	""?""	""t""	""t""	""t""	""t""	""t""	""t""	""t""	""t""	""t""	""t""	""t""	""t""	""t""	""t""	""t""	""t""	""t""	""t"""
"75	75	""[75]""	""покрывать""	""cover""	""[75] 'cover'""	""[75] 'cover'","	X (покрывать) Y""	""t""	""t""	""?""	""t""	""?""	""t""	""t""	""t""	""t""	""t""	""t""	""t""	""t""	""t""	""?""	""t""	""t""	""?""	""?""	""t""	""t""	""t""	""t""	""t""	""t""	""t""	""t""	""t""	""t""	""?""	""t""	""t""	""t""	""t""	""t""	""t""	""t"""
"76	76	""[76]""	""помнить""	""remember""	""[76] 'remember'""	""[76] 'remember'","	X (помнить) Y-а""	""i""	""t""	""I""	""I""	""?""	""t""	""t""	""t""	""i""	""i""	""i""	""t""	""t""	""?""	""t""	""t""	""t""	""I""	""I""	""?""	""t""	""t""	""t""	""t""	""t""	""t""	""t""	""t""	""t""	""t""	""t""	""t""	""t""	""t""	""t""	""i""	""t"""
"77	77	""[77]""	""помочь""	""help""	""[77] 'help'""	""[77] 'help'","	X (помогать) Y-у""	""i""	""t""	""I""	""?""	""?""	""i""	""i""	""i""	""t""	""i""	""t""	""t""	""i""	""I""	""t""	""i""	""I""	""I""	""I""	""i""	""t""	""i""	""t""	""t""	""i""	""i""	""i""	""i""	""t""	""t""	""i""	""t""	""t""	""i""	""i""	""i""	""t"""
"78	78	""[78]""	""понимать""	""understand""	""[78] 'understand'""	""[78] 'understand'","	X (понимать) Y""	""t""	""t""	""t""	""I""	""I""	""t""	""t""	""t""	""t""	""t""	""i""	""I""	""t""	""?""	""?""	""t""	""t""	""t""	""t""	""?""	""t""	""t""	""t""	""t""	""t""	""t""	""t""	""t""	""t""	""t""	""t""	""t""	""t""	""t""	""t""	""t""	""t"""
"79	79	""[79]""	""попасть""	""hit#target#""	""[79] 'hit#target#'""	""[79] 'hit#target#'","	X (попадать) в Y (молния в дом)""	""i""	""I""	""I""	""?""	""I""	""i""	""i""	""i""	""i""	""t""	""?""	""I""	""i""	""?""	""t""	""i""	""I""	""I""	""I""	""i""	""t""	""i""	""i""	""i""	""t""	""i""	""i""	""i""	""t""	""t""	""i""	""i""	""i""	""i""	""i""	""i""	""t"""
"80	80	""[80]""	""порезаться""	""cut_oneself""	""[80] 'cut_oneself'""	""[80] 'cut_oneself'","	X (резаться) Y-ом""	""i""	""I""	""?""	""?""	""?""	""i""	""i""	""i""	""i""	""i""	""?""	""I""	""i""	""I""	""?""	""i""	""I""	""I""	""I""	""i""	""i""	""?""	""i""	""i""	""i""	""i""	""i""	""i""	""i""	""i""	""i""	""i""	""i""	""i""	""i""	""i""	""i"""
"81	81	""[81]""	""прилипать""	""get_stuck""	""[81] 'get_stuck'""	""[81] 'get_stuck'","	X (прилипать) к Y-у""	""i""	""I""	""?""	""?""	""I""	""i""	""i""	""i""	""i""	""i""	""i""	""I""	""i""	""I""	""I""	""i""	""I""	""I""	""I""	""i""	""i""	""i""	""i""	""i""	""i""	""i""	""i""	""i""	""i""	""i""	""i""	""i""	""i""	""i""	""i""	""i""	""i"""
"82	82	""[82]""	""проиграть""	""lose#game#""	""[82] 'lose#game#'""	""[82] 'lose#game#'","	X (проиграть) Y-у""	""i""	""?""	""?""	""I""	""?""	""i""	""?""	""i""	""i""	""i""	""i""	""I""	""i""	""?""	""t""	""i""	""I""	""?""	""?""	""i""	""i""	""i""	""i""	""?""	""i""	""i""	""i""	""i""	""i""	""i""	""i""	""i""	""i""	""i""	""i""	""i""	""t"""
"83	83	""[83]""	""радоваться""	""be_glad""	""[83] 'be_glad'""	""[83] 'be_glad'","	X (радоваться) Y-у""	""i""	""I""	""?""	""?""	""I""	""i""	""i""	""?""	""i""	""i""	""i""	""I""	""i""	""I""	""I""	""i""	""I""	""?""	""?""	""i""	""i""	""i""	""i""	""i""	""i""	""i""	""?""	""i""	""i""	""t""	""i""	""i""	""i""	""i""	""i""	""i""	""i"""
"84	84	""[84]""	""разговаривать""	""speak""	""[84] 'speak'""	""[84] 'speak'","	X (разговаривать) с Y-ом""	""i""	""I""	""I""	""I""	""?""	""i""	""i""	""i""	""i""	""i""	""?""	""I""	""i""	""I""	""I""	""i""	""I""	""I""	""I""	""i""	""i""	""i""	""i""	""i""	""i""	""i""	""i""	""i""	""i""	""i""	""i""	""i""	""i""	""i""	""i""	""i""	""i"""
"85	85	""[85]""	""рожать""	""give_birth""	""[85] 'give_birth'""	""[85] 'give_birth'","	X (рожать) Y-а""	""t""	""t""	""?""	""I""	""t""	""t""	""t""	""i""	""t""	""t""	""t""	""t""	""t""	""t""	""t""	""i""	""t""	""t""	""t""	""t""	""t""	""t""	""t""	""t""	""i""	""t""	""t""	""t""	""i""	""t""	""t""	""t""	""t""	""t""	""t""	""t""	""t"""
"86	86	""[86]""	""ронять""	""drop""	""[86] 'drop'""	""[86] 'drop'","	X (ронять) Y""	""t""	""t""	""?""	""I""	""?""	""t""	""t""	""t""	""t""	""t""	""?""	""t""	""t""	""t""	""t""	""t""	""t""	""t""	""t""	""t""	""t""	""t""	""t""	""t""	""t""	""t""	""t""	""t""	""t""	""t""	""t""	""t""	""t""	""t""	""i""	""i""	""t"""
"87	87	""[87]""	""руководить""	""govern""	""[87] 'govern'""	""[87] 'govern'","	X (руководить) Y""	""i""	""t""	""t""	""I""	""?""	""t""	""t""	""t""	""t""	""t""	""?""	""t""	""i""	""t""	""?""	""t""	""?""	""?""	""?""	""i""	""t""	""i""	""t""	""t""	""t""	""t""	""t""	""i""	""t""	""t""	""i""	""t""	""t""	""i""	""?""	""i""	""i"""
"88	88	""[88]""	""скучать""	""miss""	""[88] 'miss'""	""[88] 'miss'","	X (скучать) по Y-у""	""i""	""I""	""t""	""I""	""?""	""t""	""i""	""t""	""i""	""i""	""?""	""?""	""i""	""?""	""I""	""t""	""I""	""?""	""?""	""i""	""i""	""t""	""i""	""t""	""t""	""t""	""?""	""i""	""t""	""t""	""i""	""t""	""?""	""i""	""i""	""i""	""t"""
"89	89	""[89]""	""следовать""	""follow""	""[89] 'follow'""	""[89] 'follow'","	X (следовать) за Y-ом""	""i""	""t""	""?""	""I""	""?""	""i""	""i""	""i""	""t""	""i""	""?""	""I""	""t""	""t""	""t""	""?""	""?""	""I""	""?""	""?""	""t""	""i""	""t""	""t""	""t""	""i""	""?""	""i""	""t""	""t""	""i""	""t""	""t""	""?""	""i""	""t""	""i"""
"90	90	""[90]""	""слезать""	""dismount""	""[90] 'dismount'""	""[90] 'dismount'","	X (слезать) с Y-a (с лошади)""	""i""	""I""	""?""	""I""	""?""	""i""	""?""	""i""	""i""	""i""	""?""	""I""	""i""	""I""	""I""	""i""	""I""	""I""	""?""	""i""	""i""	""i""	""i""	""i""	""i""	""i""	""i""	""i""	""i""	""t""	""i""	""i""	""i""	""i""	""i""	""i""	""i"""
"91	91	""[91]""	""слушать""	""listen""	""[91] 'listen'""	""[91] 'listen'","	X (слушать) Y""	""t""	""t""	""t""	""t""	""?""	""t""	""i""	""t""	""t""	""t""	""t""	""t""	""i""	""?""	""t""	""t""	""I""	""t""	""I""	""i""	""t""	""i""	""t""	""t""	""i""	""t""	""t""	""t""	""i""	""t""	""i""	""i""	""t""	""t""	""?""	""t""	""t"""
"92	92	""[92]""	""слушаться""	""obey""	""[92] 'obey'""	""[92] 'obey'","	X (слушаться) Y-a""	""t""	""?""	""?""	""?""	""?""	""t""	""i""	""i""	""i""	""i""	""?""	""?""	""?""	""?""	""?""	""?""	""I""	""t""	""I""	""?""	""t""	""i""	""t""	""t""	""i""	""t""	""?""	""?""	""i""	""?""	""i""	""?""	""i""	""i""	""?""	""?""	""i"""
"93	93	""[93]""	""слышать""	""hear""	""[93] 'hear'""	""[93] 'hear'","	X (слышать) Y""	""t""	""t""	""t""	""I""	""I""	""t""	""t""	""t""	""t""	""t""	""i""	""I""	""t""	""t""	""t""	""t""	""?""	""t""	""t""	""?""	""t""	""t""	""t""	""t""	""t""	""t""	""t""	""t""	""t""	""t""	""t""	""t""	""t""	""t""	""i""	""t""	""t"""
"94	94	""[94]""	""смешаться""	""mix""	""[94] 'mix'""	""[94] 'mix'","	X (смешаться) с Y-ом""	""i""	""I""	""?""	""I""	""?""	""i""	""i""	""i""	""i""	""i""	""?""	""I""	""i""	""I""	""I""	""i""	""?""	""I""	""I""	""i""	""i""	""i""	""i""	""i""	""i""	""i""	""i""	""i""	""i""	""i""	""i""	""i""	""i""	""i""	""i""	""i""	""i"""
"95	95	""[95]""	""смотреть""	""look""	""[95] 'look'""	""[95] 'look'","	X (смотреть) на Y""	""i""	""I""	""I""	""I""	""I""	""i""	""i""	""i""	""t""	""i""	""i""	""t""	""i""	""t""	""?""	""i""	""I""	""t""	""I""	""i""	""t""	""i""	""t""	""t""	""i""	""i""	""i""	""i""	""i""	""t""	""i""	""i""	""t""	""i""	""i""	""i""	""t"""
"96	96	""[96]""	""снимать""	""take_off""	""[96] 'take_off'""	""[96] 'take_off'","	X (снимать) Y (рубашку)""	""t""	""t""	""t""	""I""	""t""	""t""	""t""	""t""	""t""	""t""	""t""	""t""	""t""	""t""	""?""	""t""	""t""	""t""	""t""	""t""	""t""	""t""	""t""	""t""	""t""	""t""	""t""	""t""	""t""	""t""	""t""	""t""	""t""	""t""	""t""	""t""	""?"""
"97	97	""[97]""	""сниться""	""dream#sleeping#""	""[97] 'dream#sleeping#'""	""[97] 'dream#sleeping#'","	X-у (сниться) Y""	""i""	""?""	""?""	""?""	""?""	""i""	""?""	""i""	""?""	""i""	""?""	""?""	""t""	""?""	""?""	""?""	""I""	""t""	""?""	""i""	""t""	""t""	""i""	""i""	""i""	""i""	""t""	""i""	""i""	""t""	""i""	""i""	""?""	""t""	""t""	""t""	""t"""
"98	98	""[98]""	""соглашаться""	""agree""	""[98] 'agree'""	""[98] 'agree'","	X (соглашаться) с Y-ом""	""i""	""t""	""I""	""I""	""I""	""i""	""i""	""i""	""i""	""i""	""i""	""I""	""i""	""I""	""I""	""i""	""?""	""?""	""?""	""i""	""i""	""i""	""i""	""i""	""i""	""i""	""i""	""i""	""i""	""?""	""i""	""i""	""i""	""i""	""i""	""i""	""i"""
"99	99	""[99]""	""ссориться""	""have_a_quarrel""	""[99] 'have_a_quarrel'""	""[99] 'have_a_quarrel'","	X (ссориться) с кем Y""	""i""	""I""	""I""	""I""	""I""	""i""	""i""	""i""	""i""	""i""	""i""	""I""	""i""	""I""	""I""	""i""	""?""	""I""	""?""	""i""	""i""	""i""	""i""	""i""	""i""	""i""	""i""	""i""	""i""	""i""	""i""	""i""	""i""	""i""	""i""	""i""	""i"""
"100	100	""[100]""	""стоить""	""cost""	""[100] 'cost'""	""[100] 'cost'","	X (стоить) Y (один доллар)""	""t""	""?""	""?""	""?""	""?""	""i""	""i""	""t""	""t""	""t""	""?""	""I""	""t""	""?""	""t""	""t""	""t""	""?""	""?""	""?""	""t""	""i""	""t""	""t""	""t""	""i""	""i""	""i""	""t""	""t""	""t""	""t""	""?""	""i""	""t""	""t""	""?"""
"101	101	""[101]""	""стрелять""	""shoot_at""	""[101] 'shoot_at'""	""[101] 'shoot_at'","	X (стрелять) в Y-а""	""i""	""I""	""I""	""?""	""?""	""i""	""i""	""i""	""i""	""i""	""i""	""t""	""i""	""t""	""t""	""i""	""?""	""I""	""I""	""t""	""t""	""i""	""?""	""i""	""i""	""i""	""i""	""i""	""i""	""i""	""i""	""i""	""i""	""i""	""?""	""i""	""t"""
"102	102	""[102]""	""сыпать""	""pour""	""[102] 'pour'""	""[102] 'pour'","	X (сыпать) Y""	""t""	""t""	""?""	""t""	""?""	""t""	""i""	""t""	""t""	""t""	""t""	""t""	""t""	""t""	""t""	""t""	""?""	""t""	""t""	""t""	""t""	""t""	""t""	""t""	""t""	""t""	""t""	""t""	""t""	""t""	""t""	""t""	""t""	""t""	""t""	""t""	""t"""
"103	103	""[103]""	""терять""	""lose""	""[103] 'lose'""	""[103] 'lose'","	X (терять) Y""	""t""	""t""	""?""	""t""	""t""	""t""	""t""	""t""	""t""	""t""	""t""	""t""	""t""	""t""	""t""	""t""	""t""	""t""	""t""	""t""	""t""	""?""	""t""	""t""	""t""	""t""	""t""	""t""	""t""	""t""	""t""	""t""	""t""	""t""	""t""	""t""	""t"""
"104	104	""[104]""	""тонуть""	""sink""	""[104] 'sink'""	""[104] 'sink'","	X (тонуть) в Y-е""	""i""	""I""	""?""	""I""	""?""	""i""	""i""	""i""	""i""	""i""	""?""	""I""	""i""	""I""	""?""	""i""	""I""	""I""	""?""	""i""	""i""	""i""	""i""	""i""	""i""	""i""	""i""	""i""	""i""	""i""	""i""	""i""	""i""	""i""	""i""	""i""	""i"""
"105	105	""[105]""	""убивать""	""kill""	""[105] 'kill'""	""[105] 'kill'","	X (убивать) Y-а""	""t""	""t""	""?""	""t""	""t""	""t""	""t""	""t""	""t""	""t""	""t""	""t""	""t""	""t""	""t""	""t""	""t""	""t""	""t""	""t""	""t""	""t""	""t""	""t""	""t""	""t""	""t""	""t""	""t""	""t""	""t""	""t""	""t""	""t""	""t""	""t""	""t"""
"106	106	""[106]""	""ударить""	""hit""	""[106] 'hit'""	""[106] 'hit'","	X (ударять) Y-а""	""t""	""t""	""?""	""I""	""?""	""t""	""t""	""t""	""t""	""t""	""i""	""t""	""i""	""t""	""t""	""i""	""I""	""t""	""t""	""t""	""t""	""t""	""t""	""i""	""t""	""t""	""t""	""i""	""t""	""t""	""t""	""t""	""t""	""t""	""t""	""t""	""t"""
"107	107	""[107]""	""целовать""	""kiss""	""[107] 'kiss'""	""[107] 'kiss'","	X (целовать) Y-а""	""t""	""t""	""t""	""I""	""?""	""t""	""i""	""i""	""t""	""t""	""i""	""I""	""t""	""t""	""t""	""t""	""t""	""I""	""?""	""i""	""t""	""t""	""t""	""i""	""t""	""t""	""t""	""t""	""t""	""t""	""t""	""t""	""t""	""t""	""i""	""t""	""t"""
"108	108	""[108]""	""читать""	""read""	""[108] 'read'""	""[108] 'read'","	X (читать) Y-а""	""t""	""t""	""t""	""t""	""t""	""t""	""t""	""t""	""t""	""t""	""t""	""t""	""t""	""t""	""t""	""t""	""t""	""?""	""t""	""t""	""t""	""t""	""t""	""t""	""t""	""t""	""t""	""t""	""t""	""t""	""t""	""t""	""t""	""t""	""t""	""t""	""t"""
"109	109	""[109]""	""шевелить""	""move#bodypart#""	""[109] 'move#bodypart#'""	""[109] 'move#bodypart#'","	X (шевелить) Y-ом""	""i""	""t""	""?""	""I""	""t""	""t""	""i""	""t""	""t""	""t""	""?""	""t""	""t""	""t""	""t""	""t""	""t""	""t""	""t""	""t""	""t""	""t""	""t""	""t""	""t""	""t""	""t""	""i""	""t""	""t""	""i""	""t""	""t""	""i""	""t""	""i""	""t"""
"110	110	""[110]""	""уважать""	""respect""	""[110] 'respect'""	""[110] 'respect'","	X (уважать) Y-а""	""t""	""t""	""?""	""?""	""?""	""t""	""i""	""t""	""t""	""t""	""?""	""t""	""t""	""t""	""?""	""t""	""t""	""t""	""I""	""i""	""t""	""t""	""t""	""t""	""i""	""t""	""t""	""i""	""t""	""t""	""t""	""t""	""t""	""t""	""i""	""t""	""t"""
"111	111	""[111]""	""брезговать""	""be_squeamish""	""[111] 'be_squeamish'""	""[111] 'be_squeamish'","	X (брезговать) Y-ом""	""i""	""?""	""?""	""?""	""?""	""i""	""i""	""?""	""?""	""t""	""?""	""?""	""i""	""I""	""?""	""i""	""t""	""I""	""?""	""?""	""t""	""?""	""i""	""i""	""?""	""i""	""i""	""i""	""i""	""?""	""i""	""i""	""i""	""t""	""i""	""?""	""i"""
"112	112	""[112]""	""быть довольным""	""be_content""	""[112] 'be_content'""	""[112] 'be_content'","	X (быть довольным) Y-ом""	""i""	""I""	""?""	""?""	""?""	""i""	""i""	""i""	""i""	""i""	""?""	""I""	""i""	""?""	""?""	""i""	""?""	""?""	""?""	""i""	""i""	""t""	""i""	""i""	""i""	""i""	""?""	""i""	""i""	""i""	""i""	""i""	""i""	""i""	""i""	""i""	""t"""
"113	113	""[113]""	""влюбляться""	""fall_in_love""	""[113] 'fall_in_love'""	""[113] 'fall_in_love'","	X (влюбляться) в Y-a""	""i""	""t""	""?""	""?""	""?""	""i""	""t""	""i""	""i""	""i""	""?""	""I""	""t""	""?""	""?""	""i""	""I""	""?""	""I""	""i""	""i""	""?""	""i""	""i""	""i""	""i""	""i""	""i""	""i""	""t""	""i""	""i""	""i""	""i""	""?""	""i""	""t"""
"114	114	""[114]""	""доверять""	""trust""	""[114] 'trust'""	""[114] 'trust'","	X (доверять) Y-у""	""i""	""I""	""?""	""?""	""?""	""i""	""i""	""i""	""i""	""i""	""?""	""t""	""i""	""?""	""?""	""?""	""I""	""I""	""I""	""i""	""t""	""i""	""i""	""i""	""i""	""i""	""i""	""i""	""t""	""t""	""i""	""t""	""i""	""?""	""?""	""i""	""i"""
"115	115	""[115]""	""жалеть""	""sympathise""	""[115] 'sympathise'""	""[115] 'sympathise'","	X (жалеть) Y-а""	""t""	""?""	""?""	""?""	""?""	""t""	""i""	""i""	""i""	""t""	""?""	""?""	""i""	""?""	""?""	""t""	""?""	""I""	""?""	""i""	""i""	""t""	""i""	""t""	""i""	""t""	""i""	""i""	""i""	""t""	""i""	""i""	""i""	""t""	""i""	""i""	""t"""
"116	116	""[116]""	""завидовать""	""envy""	""[116] 'envy'""	""[116] 'envy'","	X (завидовать) Y-у""	""i""	""t""	""?""	""?""	""?""	""i""	""i""	""i""	""t""	""t""	""?""	""?""	""i""	""I""	""?""	""i""	""t""	""I""	""?""	""i""	""t""	""i""	""t""	""t""	""i""	""i""	""?""	""i""	""t""	""t""	""i""	""i""	""t""	""i""	""i""	""i""	""i"""
"117	117	""[117]""	""злиться""	""be_angry""	""[117] 'be_angry'""	""[117] 'be_angry'","	X (злиться) на Y-а""	""i""	""?""	""?""	""?""	""?""	""i""	""i""	""i""	""i""	""i""	""?""	""?""	""i""	""?""	""?""	""i""	""?""	""I""	""?""	""?""	""i""	""i""	""i""	""i""	""i""	""i""	""i""	""i""	""i""	""i""	""i""	""i""	""i""	""?""	""?""	""i""	""i"""
"118	118	""[118]""	""удивляться""	""be_surprised""	""[118] 'be_surprised'""	""[118] 'be_surprised'","	X (удивляться) Y-у""	""i""	""I""	""?""	""?""	""?""	""t""	""i""	""i""	""i""	""i""	""?""	""I""	""i""	""?""	""?""	""i""	""I""	""?""	""I""	""i""	""i""	""t""	""i""	""i""	""i""	""i""	""i""	""i""	""i""	""i""	""i""	""i""	""i""	""i""	""i""	""i""	""i"""
"119	119	""[119]""	""любить-2""	""love2""	""[119] 'love2'""	""[119] 'love2'","	X (любить) Y (яблоки)""	""t""	""t""	""?""	""?""	""?""	""i""	""i""	""?""	""?""	""t""	""?""	""I""	""t""	""I""	""?""	""?""	""t""	""?""	""I""	""i""	""t""	""t""	""i""	""i""	""i""	""t""	""t""	""?""	""t""	""t""	""t""	""?""	""?""	""?""	""?""	""?""	""?"""
"120	120	""[120]""	""наслаждаться""	""enjoy""	""[120] 'enjoy'""	""[120] 'enjoy'","	X (наслаждаться) Y-ом""	""i""	""I""	""?""	""?""	""?""	""t""	""i""	""t""	""i""	""t""	""?""	""t""	""i""	""?""	""?""	""i""	""?""	""I""	""?""	""i""	""t""	""i""	""i""	""i""	""?""	""t""	""i""	""i""	""t""	""t""	""i""	""i""	""t""	""i""	""i""	""i""	""?"""
"121	121	""[121]""	""хотеть""	""want""	""[121] 'want'""	""[121] 'want'","	X (хотеть) Y-а""	""t""	""t""	""?""	""?""	""?""	""t""	""t""	""t""	""t""	""t""	""?""	""?""	""i""	""?""	""?""	""?""	""?""	""I""	""?""	""i""	""t""	""i""	""t""	""t""	""?""	""t""	""t""	""t""	""t""	""t""	""t""	""t""	""t""	""t""	""i""	""t""	""t"""
"122	122	""[122]""	""сердиться""	""have_a_grudge""	""[122] 'have_a_grudge'""	""[122] 'have_a_grudge'","	X (сердиться) на Y-а""	""i""	""I""	""?""	""?""	""?""	""i""	""i""	""?""	""i""	""i""	""?""	""I""	""i""	""?""	""?""	""i""	""I""	""?""	""?""	""i""	""i""	""i""	""i""	""i""	""i""	""i""	""i""	""i""	""i""	""i""	""i""	""?""	""?""	""i""	""i""	""i""	""i"""
"123	123	""[123]""	""обижаться""	""take_offence""	""[123] 'take_offence'""	""[123] 'take_offence'","	X (обижаться) на Y-а""	""i""	""I""	""?""	""?""	""?""	""i""	""i""	""?""	""i""	""i""	""?""	""?""	""?""	""I""	""?""	""i""	""?""	""?""	""?""	""i""	""i""	""i""	""i""	""i""	""i""	""i""	""i""	""?""	""i""	""t""	""i""	""?""	""i""	""i""	""i""	""?""	""i"""
"124	124	""[124]""	""огорчать""	""upset""	""[124] 'upset'""	""[124] 'upset'","	X (огорчать) Y-а""	""t""	""t""	""?""	""?""	""?""	""t""	""?""	""t""	""t""	""t""	""?""	""t""	""t""	""t""	""?""	""t""	""?""	""?""	""t""	""t""	""t""	""t""	""t""	""t""	""t""	""t""	""t""	""t""	""t""	""?""	""t""	""t""	""t""	""t""	""t""	""t""	""t"""
"125	125	""[125]""	""поражаться""	""marvel""	""[125] 'marvel'""	""[125] 'marvel'","	X (поражаться) Y-у""	""i""	""I""	""?""	""?""	""?""	""t""	""?""	""?""	""i""	""i""	""?""	""?""	""i""	""?""	""?""	""i""	""?""	""I""	""I""	""?""	""t""	""i""	""i""	""i""	""i""	""i""	""i""	""i""	""i""	""i""	""t""	""?""	""i""	""i""	""?""	""i""	""i"""
"126	126	""[126]""	""презирать""	""despise""	""[126] 'despise'""	""[126] 'despise'","	X (презирать) Y-а""	""t""	""t""	""?""	""?""	""?""	""t""	""?""	""t""	""t""	""t""	""?""	""t""	""t""	""?""	""?""	""?""	""?""	""?""	""?""	""t""	""t""	""t""	""t""	""t""	""i""	""t""	""i""	""i""	""t""	""t""	""i""	""t""	""t""	""?""	""t""	""t""	""i"""
"127	127	""[127]""	""огорчаться""	""get_upset""	""[127] 'get_upset'""	""[127] 'get_upset'","	X (огорчаться) из-за Y-а""	""i""	""?""	""?""	""?""	""?""	""i""	""i""	""i""	""i""	""?""	""?""	""I""	""i""	""?""	""?""	""i""	""?""	""I""	""I""	""?""	""i""	""i""	""i""	""i""	""i""	""i""	""i""	""?""	""i""	""i""	""i""	""i""	""i""	""i""	""i""	""i""	""i"""
"128	128	""[128]""	""раздражаться""	""get_irritated""	""[128] 'get_irritated'""	""[128] 'get_irritated'","	X (раздражаться) на Y-а""	""i""	""?""	""?""	""?""	""?""	""i""	""?""	""?""	""i""	""i""	""?""	""I""	""?""	""?""	""?""	""?""	""?""	""?""	""?""	""?""	""i""	""?""	""i""	""i""	""i""	""i""	""i""	""i""	""i""	""i""	""?""	""i""	""i""	""i""	""?""	""i""	""i"""
"129	129	""[129]""	""симпатизировать""	""be_fond""	""[129] 'be_fond'""	""[129] 'be_fond'","	X (симпатизировать) Y-у""	""i""	""?""	""?""	""?""	""?""	""t""	""i""	""t""	""i""	""i""	""?""	""I""	""i""	""?""	""?""	""?""	""I""	""?""	""?""	""i""	""t""	""?""	""t""	""i""	""i""	""i""	""i""	""?""	""i""	""i""	""t""	""?""	""i""	""?""	""?""	""i""	""t"""
"130	130	""[130]""	""стесняться""	""be_shy""	""[130] 'be_shy'""	""[130] 'be_shy'","	X (стесняться) Y-а""	""i""	""I""	""?""	""?""	""?""	""i""	""i""	""i""	""i""	""i""	""?""	""t""	""i""	""I""	""?""	""i""	""I""	""?""	""?""	""i""	""i""	""i""	""i""	""i""	""i""	""i""	""i""	""i""	""i""	""i""	""i""	""i""	""i""	""i""	""i""	""i""	""?"""